"Numer zezwolenia","Nazwa firmy","Kod pocztowy",Miejscowość,Adres,Województwo,"Data ważności"
394/23,"AMKA  Spółka z ograniczoną odpowiedzialnością",02-972,Warszawa,"Aleja Rzeczypospolitej 18/83","WOJ. MAZOWIECKIE",2025-02-28
404/23,"WORMAR K Spółka z ograniczoną odpowiedzialnością",83-300,Kartuzy,"ul. Zamkowa 23","WOJ. POMORSKIE",2025-03-03
407/23,"RAFAŁ DZILIŃSKI",06-400,Ciechanów,"ul. Leśna 52 ","WOJ. MAZOWIECKIE",2025-02-21
5/W/24,"ALKOSWIAT Spółka z ograniczoną odpowiedzialnością",43-300,Bielsko-Biała,"ul. Wincentego Witosa 170","WOJ. ŚLĄSKIE",2025-03-30
6/W/24,"Matyl Fenikost Aleksadra Matyl-Stawowy",34-212,Bieńkówka,"Bienkówka 454","WOJ. MAŁOPOLSKIE",2025-04-20
8/24,"""AUCHAN POLSKA""  Spółka z ograniczoną odpowiedzialnością",05-500,Piaseczno,"ul. Puławska 46 ","WOJ. MAZOWIECKIE",2025-02-12
15/24,"Manufaktura Nalewek  Spółka z ograniczoną odpowiedzialnością",38-400,Krosno,"ul. Pużaka 49 ","WOJ. PODKARPACKIE",2025-03-04
18/24,"CERVILLE INVESTMENTS  Spółka z ograniczoną odpowiedzialnością",02-705,Warszawa,"ul. Czerniowiecka 2B ","WOJ. MAZOWIECKIE",2025-02-14
19/24,"""PHU WYSOKIŃSKI""  Spółka z ograniczoną odpowiedzialnością",02-972,Warszawa,"ul. Adama Branickiego 9/90","WOJ. MAZOWIECKIE",2025-02-14
20/24,"FILABORA  FB  KOŁPA  & KOŁPA SPÓŁKA  KOMANDYTOWA",33-140,"Lisia Góra","ul. Tarnowska 7","WOJ. MAŁOPOLSKIE",2025-02-28
23/24,"Manufaktura Maurera Spółka z ograniczoną odpowiedzialnością",33-390,Łącko,"Zarzecze 1B ","WOJ. MAŁOPOLSKIE",2025-02-13
24/24,"Wanda Łęgosz P.H.U. RUDMAR",46-325,Rudniki,"ul. Biegańskiego 7 ","WOJ. OPOLSKIE",2025-02-16
27/24,"ANPAH BIS Paweł Janiak",62-800,Kalisz,"ul. Piwonicka 1 C","WOJ. WIELKOPOLSKIE",2025-02-14
28/24,"""NALEWKI STAROPOLSKIE   KAROL  MAJEWSKI  I WSPÓLNICY""  Spółka z ograniczoną odpowiedzialnością",05-092,Łomianki,"ul. Wiosenna 60 ","WOJ. MAZOWIECKIE",2025-02-07
31/24,"ALCORA Spółka z ograniczoną odpowiedzialnością",02-237,Warszawa,"ul. Instalatorów 23","WOJ. MAZOWIECKIE",2025-03-03
34/24,"""ROLMEX"" Spółka Akcyjna",02-604,Warszawa,"ul. Olkuska 7 ","WOJ. MAZOWIECKIE",2025-03-01
35/24,"Winnica Libiąż Spółka z ograniczoną odpowiedzialnością",02-699,Warszawa,"ul. Kłobucka 23D/118","WOJ. MAZOWIECKIE",2025-02-09
36/24,"Firma Handlowa ""GAJEWCZYK BIS""  Wiktor Gajewczyk",98-220,"Zduńska Wola","ul. Żytnia 14 B ","WOJ. ŁÓDZKIE",2025-02-28
37/24,"Retail & Food Services Polska  Spółka z ograniczoną odpowiedzialnością",81-339,Gdynia,"ul. Polska 4","WOJ. POMORSKIE",2025-02-14
38/24,"""BACARDI-MARTINI  POLSKA""  Spółka z ograniczoną odpowiedzialnością",02-675,Warszawa,"ul. Wołoska 22 ","WOJ. MAZOWIECKIE",2025-03-26
40/24,"SSG POLAND SPÓŁKA Z OGRANICZONĄ ODPOWIEDZIALNOŚCIĄ",05-552,Łazy,"Aleja Krakowska  225","WOJ. MAZOWIECKIE",2025-02-05
41/24,"""BORT-WIMAR""  Spółka Jawna",49-200,Grodków,"ul. Sienkiewicza 104","WOJ. OPOLSKIE",2025-02-19
42/24,"MAROL  Spółka z ograniczoną odpowiedzialnością",61-249,Poznań,"ul. Stanisława Zwierzchowskiego 25","WOJ. WIELKOPOLSKIE",2025-04-10
43/24,"FERIER Spółka z ograniczoną odpowiedzialnością",02-822,Warszawa,"ul. Poleczki 23","WOJ. MAZOWIECKIE",2025-02-14
44/24,"REFLEX  Spółka z ograniczoną odpowiedzialnością",43-502,Czechowice-Dziedzice,"ul. Władysława Stanisława Reymonta 18","WOJ. ŚLĄSKIE",2025-02-19
45/24,"KUCHNIE ŚWIATA Spółka Akcyjna",01-708,Warszawa,"ul. Słodowiec 10/10","WOJ. MAZOWIECKIE",2025-02-12
46/24,"BLUMAK  Maciej Uchański",50-452,Wrocław,"ul. Komuny Paryskiej 72","WOJ. DOLNOŚLĄSKIE",2025-03-01
47/24,"PRZEDSIĘBIORSTWO SAVPOL SPÓŁKA Z OGRANICZONĄ ODPOWIEDZIALNOŚCIĄ SPÓŁKA KOMANDYTOWA",44-100,Gliwice,"Sowińskiego 7","WOJ. ŚLĄSKIE",2025-02-28
48/24,"Nalewki Gniewski Dwór Robert Galiński",82-500,Kwidzyn,"Gniewskie Pole 24","WOJ. POMORSKIE",2025-02-14
49/24,"BARTEX BARTOL Spółka z ograniczoną odpowiedzialnością",64-300,"Nowy  Tomyśl","Paproć  111 ","WOJ. WIELKOPOLSKIE",2025-04-01
50/24,"DISTRIBEV   Spółka z ograniczoną odpowiedzialnością",00-728,Warszawa,"ul. Józefa Piusa Dziekońskiego 3","WOJ. MAZOWIECKIE",2025-02-28
51/24,"ORZEŁEK Spółka z ograniczoną odpowiedzialnością",35-312,Rzeszów,"ul. bp. Józefa Sebastiana Pelczara 6C/8","WOJ. PODKARPACKIE",2025-02-14
53/24,"Alko-Trade Krzysztof Lisiecki",77-100,Bytów,"ul. Lęborska 18","WOJ. POMORSKIE",2025-02-28
54/24,"HJK CC Spółka z ograniczoną odpowiedzialnością",04-058,Warszawa,"ul. Spalinowa 5","WOJ. MAZOWIECKIE",2025-02-09
55/24,"MEDIPHARM INTERNATIONAL Spółka z ograniczoną odpowiedzialnością Spółka komandytowa",64-316,Kuślin,"ul. Emilii Sczanieckiej 20B","WOJ. WIELKOPOLSKIE",2025-02-07
56/24,"PRAVDA Spółka  z ograniczoną odpowiedzialnością",43-300,"Bielsko - Biała","ul. Międzyrzecka 152 ","WOJ. ŚLĄSKIE",2025-02-28
57/24,"""KAMIX""  Spółka z ograniczoną odpowiedzialnością",02-238,Warszawa,"ul. Modularna 12 lok. 400","WOJ. MAZOWIECKIE",2025-02-28
58/24,"AGA II Agata Modrzejewska Spółka Jawna",00-773,Warszawa,"ul. Dolna 7","WOJ. MAZOWIECKIE",2025-02-07
59/24,"Przedsiębiorstwo Handlowo-Usługowe ""TOPAZ"" Spółka z ograniczoną odpowiedzialnością (dawniej: Paczóski Zbigniew Przedsiębiorstwo Handlowo-Uslugowe ""Topaz"")",08-300,"Sokołów Podlaski","ul. Kolejowa 3 B","WOJ. MAZOWIECKIE",2025-03-16
61/24,"""JAKO""   Spółka z ograniczoną odpowiedzialnością",62-817,Żelazków,"Kokanin  44 ","WOJ. WIELKOPOLSKIE",2025-02-28
62/24,"GM KRAFT Spółka z ograniczoną odpowiedzialnością",30-519,Kraków,"ul. Jana Zamoyskiego 81","WOJ. MAŁOPOLSKIE",2025-02-23
63/24,"SAKE MARUTA Spółka z ograniczoną odpowiedzialnością Spółka komandytowa",60-595,Poznań,"ul. Dobra 26","WOJ. WIELKOPOLSKIE",2025-02-25
64/24,"PPHU WIN-PIW BIS  Ireneusz Auguścik",97-570,Przedbórz,"ul. Spacerowa 2 ","WOJ. ŁÓDZKIE",2025-02-28
65/24,"REST-D GASTROX  Spółka z ograniczoną odpowiedzialnością Spółka Komandytowa",34-300,Żywiec,"ul. Stefana Batorego 16","WOJ. ŚLĄSKIE",2025-03-31
66/24,"GM KRAFT Spółka z ograniczoną odpowiedzialnością",30-519,Kraków,"ul. Jana Zamoyskiego 81","WOJ. MAŁOPOLSKIE",2025-02-23
67/24,"M&P  PAVLINA  Spółka z ograniczoną odpowiedzialnością  Spółka Komandytowa",05-270,Marki,"ul. Leonida Teligi 1 A ","WOJ. MAZOWIECKIE",2025-03-31
68/24,"DRINKS  Spółka z ograniczoną odpowiedzialnością",62-200,Gniezno,"ul. Leopolda Okulickiego 21","WOJ. WIELKOPOLSKIE",2025-02-14
69/24,"OLV  Spółka Akcyjna",08-304,"Jabłonna Lacka","Morszków 56","WOJ. MAZOWIECKIE",2025-02-28
70/24,"A&T GROUP Spółka z ograniczoną odpowiedzialnością",00-843,Warszawa,"Rondo Ignacego Daszyńskiego 2B","WOJ. MAZOWIECKIE",2025-02-18
71/24,"Izydorczyk Michał - ""IZI""",87-700,"Aleksandrów Kujawski,  Rożno-Parcele","ul. Akacjowa 24","WOJ. KUJAWSKO-POMORSKIE",2025-03-10
72/24,"POLSKI TYTOŃ  Spółka Akcyjna",26-600,Radom,"ul. Tartaczna 29 ","WOJ. MAZOWIECKIE",2025-03-20
73/24,"DRAVA PETAR BURULIC",01-494,Warszawa,"ul. Widawska 5/21","WOJ. MAZOWIECKIE",2025-03-02
74/24,"Wielkopolska Manufaktura Wódek Spółka Akcyjna",62-095,"Murowana Goślina","ul. Polna 21","WOJ. WIELKOPOLSKIE",2025-03-20
75/24,"MACON Spółka z ograniczoną odpowiedzialnością",81-061,Gdynia,"ul. Hutnicza 48","WOJ. POMORSKIE",2025-02-28
76/24,"""PARTNER CENTER""  Spółka z ograniczoną odpowiedzialnością",90-423,Łódź,"ul. Piotrkowska 89 ","WOJ. ŁÓDZKIE",2025-03-18
77/24,"WINEONLINE  Spółka z ograniczoną odpowiedzialnością",02-285,Warszawa,"ul. Szyszkowa 43 ","WOJ. MAZOWIECKIE",2025-03-31
78/24,"RZEP-PLUS PALUCH Spółka Jawna",87-100,Toruń,"ul. Jurija Gagarina 152","WOJ. KUJAWSKO-POMORSKIE",2025-02-28
79/24,"Platinum Wines Spółka z ograniczoną odpowiedzialnością",02-724,Warszawa,"ul. Wołodyjowskiego 70/1","WOJ. MAZOWIECKIE",2025-03-31
80/24,"Wojciech Herian ""Karczma Pod Wielką Solą""",32-020,Wieliczka,"ul. Grunwaldzka 46","WOJ. MAŁOPOLSKIE",2025-03-09
81/24,"MD Constrution Michał Derda",81-155,Gdynia,"ul. płk. Stanisłąwa Dąbka 235D","WOJ. POMORSKIE",2025-03-31
82/24,"Polish Barrels Spółka z ograniczoną odpowiedzialnością",87-730,Nieszawa,"ul. Ciechocińska 37","WOJ. KUJAWSKO-POMORSKIE",2025-03-03
83/24,"DOM WINA  Prosta Spółka Akcyjna",30-198,KRAKÓW,"ul. Balicka 255 ","WOJ. MAŁOPOLSKIE",2025-03-31
84/24,"GURLEX  GROUP  PL   Spółka z ograniczoną odpowiedzialnością",30-444,Libertów,"ul. Bartnicka 35 ","WOJ. MAŁOPOLSKIE",2025-03-28
85/24,"ANPAH JANIAK  Spółka Komandytowa",62-800,Kalisz,"ul. Piwonicka 1 C","WOJ. WIELKOPOLSKIE",2025-03-29
86/24,"""NEPTUN"" Ship Service LTD.   Spółka  z ograniczoną odpowiedzialnością",81-334,Gdynia,"ul. Polska 43","WOJ. POMORSKIE",2025-04-06
87/24,"Hurtownia Wódki Góralskie WS & WG  Szymon Karabuła",34-500,Zakopane,"ul. Jana Kasprowicza 1","WOJ. MAŁOPOLSKIE",2025-03-04
88/24,"Przedsiębiorstwo Handlu Zagranicznego   ""BALTONA""   Spółka Akcyjna",02-146,Warszawa,"ul. Komitetu Obrony Robotników 49","WOJ. MAZOWIECKIE",2025-03-10
89/24,"Firma Galon Spółka z ograniczoną odpowiedzialnością",44-304,"Wodzisław Śląski","ul. Mszańska 4 C ","WOJ. ŚLĄSKIE",2025-03-23
90/24,"JNT GROUP  Spółka Akcyjna Spółka Komandytowa",95-082,Dobroń,"ul. Sienkiewicza 68","WOJ. ŁÓDZKIE",2025-05-11
91/24,"""GRZEŚ"" W. SZYMCZAK  Spółka komandytowa",56-500,Syców,"ul. Kaliska 7 ","WOJ. DOLNOŚLĄSKIE",2025-04-02
92/24,"""BEVGROUP""  Spółka z ograniczoną odpowiedzialnością",05-270,Marki,"ul. Okólna 45","WOJ. MAZOWIECKIE",2025-04-04
93/24,"                     P.P.H.U. MARUSARZ Andrzej Marusarz",34-424,"Bańska Niżna","ul. Papieska 114","WOJ. MAŁOPOLSKIE",2025-03-31
94/24,"Polska Fabryka Wódek Old Distillery  Spółka z ograniczoną odpowiedzialnością",61-464,Poznań,"ul. Chmielna 8 lok. 1 ","WOJ. WIELKOPOLSKIE",2025-03-24
95/24,"Renata Wrzesińska  MEGA-WAR",05-660,Warka,"ul. Puławska 36","WOJ. MAZOWIECKIE",2025-03-31
96/24,"MARSZAND X Spółka z ograniczoną odpowiedzialnością",00-477,Warszawa,"ul. Piękna 1A","WOJ. MAZOWIECKIE",2025-03-31
97/24,"PRYZMAT Walery Sulewski, Mirosław Sulewski Spółka komandytowa",22-500,Hrubieszów,"ul. Nowa 106A","WOJ. LUBELSKIE",2025-03-19
98/24,"Alfreda Perczak PPHU ""Pol-Trans-Catering"" Export-Import",42-460,Mierzęcice,"Osiedle nr 166","WOJ. ŚLĄSKIE",2025-03-28
99/24,"GRUPA AWW Spółka z ograniczoną odpowiedzialnością",62-800,Kalisz,"Niedźwiady 45","WOJ. WIELKOPOLSKIE",2025-04-25
100/24,"P.H.U. LECH-POL  Spółka z ograniczoną odpowiedzialnością",62-200,Gniezno,"ul. Leopolda Okulickiego 21","WOJ. WIELKOPOLSKIE",2025-03-31
101/24,"Zakład Przetwórstwa Owocowo-Warzywnego  ""ORZECH""  Spółka z ograniczoną odpowiedzialnością",36-100,Kolbuszowa,"ul. Rzeszowska 7 ","WOJ. PODKARPACKIE",2025-03-31
102/24,"""LEVER"" Spółka Jawna  Rabiński-Drąg",23-200,Kraśnik,"ul. Narutowicza 42 ","WOJ. LUBELSKIE",2025-03-31
103/24,"POLSKIE  LINIE  OCEANICZNE   Spółka Akcyjna",81-406,Gdynia,"Al. Marszałka Piłsudskiego 1","WOJ. POMORSKIE",2025-03-14
104/24,"Hurtownia  ""WAKO""   Witczak  Władysław",62-731,Przykona,"Psary, ul. Sportowa 22","WOJ. WIELKOPOLSKIE",2025-04-11
105/24,"VEIS DYSTRYBUCJA Społka z ograniczoną odpowiedzialnością",05-870,Błonie,"Pass 20H","WOJ. MAZOWIECKIE",2025-05-21
106/24,"""Tenczyńska Okovita"" Spółka Akcyjna",32-067,Tenczynek,"ul. Tenczyńska 59","WOJ. MAŁOPOLSKIE",2025-03-19
107/24,"CBMAX SPIRITS  Spółka z ograniczoną odpowiedzialnością",84-240,Reda,"ul. Wejherowska 67","WOJ. POMORSKIE",2025-05-18
108/24,"KRAVT & CO. Spółka z ograniczoną odpowiedzialnością",02-715,Warszawa,"ul. Puławska 145","WOJ. MAZOWIECKIE",2025-03-24
109/24,"Kraft Alkohole Spółka z ograniczoną odpowiedzialnością",00-020,Warszawa,"ul. Chmielna 2/31","WOJ. MAZOWIECKIE",2025-03-31
110/24,"Good Vibes Distribution Spółka z ograniczoną odpowiedzialnością",02-650,Warszawa,"ul. Bukietowa 5/U1","WOJ. MAZOWIECKIE",2025-04-09
111/24,"GROCHOWICA POLSKA Spółka z ograniczoną odpowiedzialnością",67-410,"Stare Strącze","Stare Strącze 43","WOJ. LUBUSKIE",2025-03-31
112/24,"Katarzyna Turaj Przedsiębiorstwo Handlowo-Usługowe  ""KAMA""",45-340,Opole,"ul. Jakuba Kani 3 c/lok. 13","WOJ. OPOLSKIE",2025-04-15
113/24,"PGS   Spółka z ograniczoną odpowiedzialnością",01-205,Warszawa,"ul. Młynarska 7","WOJ. MAZOWIECKIE",2025-05-27
114/24,"Przedsiębiorstwo Handlowo-Usługowe   ""STANWOJ-HURT"" Spółka Jawna  Dobosz",07-104,Stoczek,"ul. Kolejowa 27 A ","WOJ. MAZOWIECKIE",2025-05-31
115/24,"VININOVA Spółka z ograniczoną odpowiedzialnością",61-581,Poznań,"ul. ks. Jakuba Wujka 9","WOJ. WIELKOPOLSKIE",2025-04-06
116/24,"Jan Wołoch Firma Handlowo-Produkcyjna ""Wołoch-Artykuły Spożywcze""",32-200,Miechów,"ul. Krótka 5","WOJ. MAŁOPOLSKIE",2025-04-19
117/24,"""ROAN SHIP CHANDLER""   Spółka z ograniczoną odpowiedzialnością",81-061,Gdynia,"ul. Hutnicza 61","WOJ. POMORSKIE",2025-05-04
118/24,"CIELEŚNICA Spółka Akcyjna",21-504,"Rokitno, Cieleśnica","Cieleśnica-Pałac 22","WOJ. LUBELSKIE",2025-04-20
119/24,"""Winnica Kamil Barczentewicz"" Wojciech Barczentewicz",20-710,Lublin,"ul. Julii 21","WOJ. LUBELSKIE",2025-04-07
120/24,"Podkarpacka Destylarnia  Okowity  Grzegorz Pińczuk",38-530,"Zarszyn, Długie","ul. Sanocka 123","WOJ. PODKARPACKIE",2025-04-30
121/24,"Sebastian Sikorski Agencja Usługowo-Reklamowa   ""YED PRIOR""",57-500,"Bystrzyca Kłodzka","ul. Kolejowa 179","WOJ. DOLNOŚLĄSKIE",2025-04-14
122/24,"Store Trade Spółka z ograniczoną odpowiedzialnością",45-340,Opole,"ul. Jakuba Kani 3C/13","WOJ. OPOLSKIE",2025-04-26
123/24,"MARMAX  Spółka z ograniczoną odpowiedzialnością",38-120,Czudec,"ul. Kolejowa 2A","WOJ. PODKARPACKIE",2025-04-30
124/24,"BEVWORKS Spółka z ograniczoną odpowiedzialnością",02-757,Warszawa,"ul. Ukryty Raj 4/2","WOJ. MAZOWIECKIE",2025-04-30
125/24,"ANTRES BIS Spółka z ograniczoną odpowiedzialnością",04-569,Warszawa,"ul. Przyjaźni 40","WOJ. MAZOWIECKIE",2025-05-01
126/24,"WEALTH SOLUTIONS  Spólka z ograniczoną odpowiedzialnością",00-032,Warszawa,"ul. Przeskok 2","WOJ. MAZOWIECKIE",2025-05-09
127/24,"Regionalne Przysmaki Spółka z ograniczoną odpowiedzialnością",15-107,Białystok,"ul. Racławicka 15","WOJ. PODLASKIE",2025-04-14
128/24,"Czeskie Piwa Spółka z ograniczoną odpowiedzialnością Spółka komandytowa",94-039,Łódź,"ul. Walerego Wróblewskiego 128","WOJ. ŁÓDZKIE",2025-04-14
129/24,"Manufaktura Luksusu Spółka z ograniczoną odpowiedzialnością",05-200,WOŁOMIN,"ul. Waryńskiego 1","WOJ. MAZOWIECKIE",2025-05-01
130/24,"Snacks and Dried Fish Spółka z ograniczoną odpowiedzialnością",30-039,Kraków,"ul. Józefitów 3/2","WOJ. MAŁOPOLSKIE",2025-04-10
131/24,"FOOD & WINE Spółka z ograniczoną odpowiedzialnością",32-085,Modlniczka,"ul. Komandosów 1/3","WOJ. MAŁOPOLSKIE",2025-05-10
132/24,"Gram Sadeccy Spółka Jawna",09-402,Płock,"ul. Górna 32","WOJ. MAZOWIECKIE",2025-05-06
133/24,"Kompania Dystrybucyjna TEDI Spółka z ograniczoną odpowiedzialnością Spólka komandytowo-akcyjna",18-212,"Nowe Piekuty","ul. Główna 23","WOJ. PODLASKIE",2025-04-30
134/24,"Firma Handlowo-Usługowa   ""MIDAS""  Piotr Bobrzyk",05-300,"Mińsk Mazowiecki","ul. Franciszka Żwirki 12 A ","WOJ. MAZOWIECKIE",2025-04-30
135/24,"Waldemar Sekuła  P.H.U. ""Sekwim Bis""",64-000,Kościan,"ul. Chłapowskiego  14 ","WOJ. WIELKOPOLSKIE",2025-05-15
136/24,"Winiarnia Lo Grono Wojciech Szczyrba",43-190,Mikołów,"ul. Wojska Polskiego 18","WOJ. ŚLĄSKIE",2025-04-30
137/24,"Mazurskie Miody  Bogdan Piasecki",11-034,Tomaszkowo,"ul. Pszczela 10","WOJ. WARMIŃSKO-MAZURSKIE",2025-06-02
138/24,"Zakład Produkcji Spożywczej  Stefan Skwierawski",89-632,Brusy,"ul. Szkolna 28 ","WOJ. POMORSKIE",2025-05-14
139/24,"Destylernia Kamień Spółka z ograniczoną odpowiedzialnością",24-335,Łaziska,"Kamień 143","WOJ. LUBELSKIE",2025-05-31
140/24,"JOT-Ł   Spółka z ograniczoną odpowiedzialnością",51-129,Wrocław,"ul. Żmigrodzka 249 ","WOJ. DOLNOŚLĄSKIE",2025-05-20
141/24,"JAKOB HABERFELD STORY Spółka z ograniczoną odpowiedzialnością",43-300,Bielsko-Biała,"ul. Michała Grażyńskiego 339","WOJ. ŚLĄSKIE",2025-04-22
142/24,"Artur Grabiec Grupa Grabiec",32-660,Chełmek,"Aleja Parkowa 14","WOJ. MAŁOPOLSKIE",2025-04-25
143/24,"BJC DISTRIBUTION  Spółka z ograniczoną odpowiedzialnością",02-869,Warszawa,"ul. Buszycka 5 ","WOJ. MAZOWIECKIE",2025-05-28
144/24,"Baltona Shipchandlers Spółka  z ograniczoną odpowiedzialnością",72-602,Świnoujście,"ul. Fińska 1","WOJ. ZACHODNIOPOMORSKIE",2025-05-05
145/24,"ALKOSFERA Spółka  z ograniczoną odpowiedzialnością",65-410,"Zielona Góra","ul. Fabryczna 17A/1","WOJ. LUBUSKIE",2025-05-18
146/24,"BZOMEX Spółka z ograniczoną odpowiedzialnością Spółka komandytowa",32-432,PCIM,"Pcim 1","WOJ. MAŁOPOLSKIE",2025-06-14
147/24,"""CARREFOUR POLSKA""  Spółka z ograniczoną odpowiedzialnością",03-734,Warszawa,"ul. Targowa 72 ","WOJ. MAZOWIECKIE",2025-07-09
148/24,"SPS HANDEL Spółka z ograniczoną odpowiedzialnością",02-390,Warszawa,"ul. Grójecka 194  lok. 91 ","WOJ. MAZOWIECKIE",2025-08-31
149/24,"Old Polish Vodka  Spółka z ograniczoną odpowiedzialnością",17-220,Narewka,"Lewkowo Stare 19 ","WOJ. PODLASKIE",2025-05-08
150/24,"X-SPIRITS Spółka z ograniczoną odpowiedzialnością",31-548,Kraków,"Aleja Pokoju 1","WOJ. MAŁOPOLSKIE",2025-05-09
151/24,"Browary Regionalne Jakubiak Spółka z ograniczoną odpowiedzialnością",05-092,"Dziekanów Nowy","ul. Kolejowa 400","WOJ. MAZOWIECKIE",2025-05-15
152/24,"Destylarnia Sedina Spółka z ograniczoną odpowiedzialnością",72-010,Police,"ul. Tanowska 18/5A","WOJ. ZACHODNIOPOMORSKIE",2025-06-03
153/24,"WIN-CIN   Spółka z ograniczoną odpowiedzialnością",10-449,Olsztyn,"ul. Piłsudskiego   64 E ","WOJ. WARMIŃSKO-MAZURSKIE",2025-05-10
154/24,"MARANI 1915  Spółka z ograniczoną odpowiedzialnością",02-796,Warszawa,"ul. Wąwozowa nr 23, lok. U1 ","WOJ. MAZOWIECKIE",2025-05-14
155/24,"TRANSGOURMET POLSKA   Spółka z ograniczoną odpowiedzialnością",61-131,Poznań,"ul. Zamenhofa 133 ","WOJ. WIELKOPOLSKIE",2025-05-29
156/24,"Anita Barbara Bafia  Firma Handlowo-Usługowa   ""U BAFII""",34-520,Poronin,"ul. Tatrzańska 90 ","WOJ. MAŁOPOLSKIE",2025-05-15
157/24,"Hurtownia owoców i warzyw, Sklep  ""Kokos Premium""   Wiesław Razuwajew",06-100,Pułtusk,"ul. Wiśniowa 18B","WOJ. MAZOWIECKIE",2025-06-10
158/24,"Global Spirits Beverages Spółka z ograniczoną odpowiedzialnością",02-972,Warszawa,"ul. Adama Branickiego 15","WOJ. MAZOWIECKIE",2025-06-30
159/24,"In-Out Bartłomiej Szajer",32-086,Węgrzce,"ul. Forteczna 1 A/109","WOJ. MAŁOPOLSKIE",2025-05-31
160/24,"SCM   Spółka z ograniczoną odpowiedzialnością",00-828,Warszawa,"Al.  Jana Pawła II nr 11 ","WOJ. MAZOWIECKIE",2025-06-28
161/24,"Firma Handlowo-Usługowa   ""PATRO-MAG""   Spółka Cywilna  Aneta Racka-Dasiewicz, Arkadiusz Dasiewicz",09-460,"Mała Wieś","ul. Płońska 9F","WOJ. MAZOWIECKIE",2025-06-30
162/24,"BBSPIRITS Spółka z ograniczoną odpowiedzialnością",64-920,Piła,"ul. Krzywa 35","WOJ. WIELKOPOLSKIE",2025-06-21
163/24,"Andrzej Koc Przedsiębiorstwo Usługowo-Handlowe ""KOCYK""",30-241,Kraków,"ul. Olszanicka 85","WOJ. MAŁOPOLSKIE",2025-05-28
164/24,"NO.1 BEVERAGES POLAND  Spółka z ograniczoną odpowiedzialnością",80-299,Gdańsk,"ul. Astronomów 14 ","WOJ. POMORSKIE",2025-06-27
165/24,"Przedsiębiorstwo Produkcyjno Handlowo Usługowe   ""SPECJAŁ""   Spółka z ograniczoną odpowiedzialnością",00-175,Warszawa,"Aleja Jana Pawła II 80 lok. 5 ","WOJ. MAZOWIECKIE",2025-06-23
166/24,"Eurofoods Gastro Spółka z ograniczoną odpowiedzialnością",05-850,"Ożarów Mazowiecki, Konotopa","ul. Rajdowa 11","WOJ. MAZOWIECKIE",2025-06-07
167/24,"Włodek Dawid - ""PH Włodek""",58-211,Uciechów,"ul. Piastowska 29","WOJ. DOLNOŚLĄSKIE",2025-05-20
168/24,"Andrzej Kostyk  Przedsiębiorstwo Przemysłu Spirytusowego  ""Wódki Raciborskie""",47-400,Racibórz,"ul. Opawska 8 lok. 1 ","WOJ. ŚLĄSKIE",2025-05-31
169/24,"""POLTREP""  Spółka Cywilna  Andrzej Wadowski, Barbara Wadowska, Mieczysław Wadowski",30-698,Kraków,"ul. Syreńskiego 19 A ","WOJ. MAŁOPOLSKIE",2025-06-30
170/24,"WESTTRADE ALKOHOLE Spółka z ograniczoną odpowiedzialnością",83-207,Kokoszkowy,"ul. Lipowa 14","WOJ. POMORSKIE",2025-05-31
171/24,"VAN PUR Spółka Akcyjna",37-111,Rakszawa,"Rakszawa 334","WOJ. PODKARPACKIE",2025-07-16
172/24,"PISKORSKI Spółka z ograniczoną odpowiedizalnością ",21-200,Parczew,"ul. Kolejowa 207 ","WOJ. LUBELSKIE",2025-06-30
173/24,"Przedsiębiorstwo Voyal Wojciechowski Jacek",58-508,Siedlęcin,"ul. Ogrodowa 27B","WOJ. DOLNOŚLĄSKIE",2025-05-31
174/24,"Polska Grupa Alkoholowa Spółka z ograniczoną odpowiedzialnością",90-135,Łódź,"ul. Prezydenta Gabriela Narutowicza 40/1","WOJ. ŁÓDZKIE",2025-06-23
175/24,"PRIME BRANDS  Spółka z ograniczoną odpowiedzialnością",70-784,Szczecin,"ul. Andrzeja Struga 61 ","WOJ. ZACHODNIOPOMORSKIE",2025-06-06
176/24,"GRUPA  RADLER  Spółka z ograniczoną odpowiedzialnością",34-300,Żywiec,"ul. Jodłowa 73 ","WOJ. ŚLĄSKIE",2025-06-06
177/24,"""OAZA"" Spółka z ograniczoną odpowiedzialnością",65-775,"Zielona Góra","ul. Zacisze 18C","WOJ. LUBUSKIE",2025-06-24
178/24,"Pomerania Dystrybucja A.Piątek Spółka Jawna",75-241,Koszalin,"ul. Grunwaldzka 1A","WOJ. ZACHODNIOPOMORSKIE",2025-06-09
179/24,"Monolith Service Spółka z ograniczoną odpowiedzialnością",01-162,Warszawa,"ul. Św. Stanisława 1/268","WOJ. MAZOWIECKIE",2025-06-02
180/24,"""EUROCASH"" SPÓŁKA  AKCYJNA",62-052,Komorniki,"ul. Wiśniowa 11 ","WOJ. WIELKOPOLSKIE",2025-06-14
181/24,"MORDO CORP Spółka z ograniczoną odpowiedzialnością",32-070,Czernichów,"ul. Wiślana 23","WOJ. MAŁOPOLSKIE",2025-06-20
182/24,"NETTO Spółka z ograniczoną odpowiedzialnością",73-108,Kobylanka,"Motaniec 30","WOJ. ZACHODNIOPOMORSKIE",2025-07-18
183/24,"UDH - UNITED DISTRIBUTION HOLDING  Spółłka z ograniczoną odpowiedzialnością Spółka komandytowo-akcyjna",60-201,Poznań,"ul. Górecka 1","WOJ. WIELKOPOLSKIE",2025-06-30
184/24,"AMBRA BRANDS Spólka z ograniczoną odpowiedzialnością",02-819,Warszawa,"ul. Puławska 336","WOJ. MAZOWIECKIE",2025-06-30
185/24,"""DICTADOR EUROPE"" Spółka z ograniczoną odpowiedzialnością",40-611,Katowice,"ul. Fabryczna 15","WOJ. ŚLĄSKIE",2025-07-11
186/24,"ALKOHOLE ŚWIATA  Spółka z ograniczoną odpowiedzialnością",11-600,Węgorzewo,"ul. Przemysłowa 7 a ","WOJ. WARMIŃSKO-MAZURSKIE",2025-06-17
187/24,"Piotr Szladerba CONSULTING",31-401,Kraków,"ul. 29 listopada  32a/15","WOJ. MAŁOPOLSKIE",2025-06-09
188/24,"""BIG"" Spółka z ograniczoną odpowiedzialnością",82-300,Elbląg,"ul. Żuławska 15/C","WOJ. WARMIŃSKO-MAZURSKIE",2025-06-09
189/24,"JKP. COMPANY Prosta Spółka Akcyjna",28-131,Solec-Zdrój,"ul. Solecka 2","WOJ. ŚWIĘTOKRZYSKIE",2025-06-30
190/24,"VDV Spółka z ograniczoną odpowiedzialnością",04-853,Warszawa,"ul. Zagajnikowa 10","WOJ. MAZOWIECKIE",2025-06-14
191/24,"""FOCZKA"" Tomasz Gąsiorek",32-020,Bodzanów,"Bodzanów 501","WOJ. MAŁOPOLSKIE",2025-06-30
192/24,"""MIREX"" Spółka z ograniczoną odpowiedzialnością",43-300,Bielsko-Biała,"ul. Witosa 10","WOJ. ŚLĄSKIE",2025-07-31
193/24,"""RADEX""  Spółka z ograniczoną odpowiedzialnością",42-133,"Węglowice, Puszczew","Puszczew 75","WOJ. ŚLĄSKIE",2025-06-30
194/24,"F.H. ""FUERTE"" Ewa Żak",32-700,Proszówki,"Proszówki 36","WOJ. MAŁOPOLSKIE",2025-06-13
195/24,"HAVI LOGISTICS   Spółka z ograniczoną odpowiedzialnością",03-230,Warszawa,"ul. Daniszewska 25 ","WOJ. MAZOWIECKIE",2025-07-13
196/24,"CRIMSTON Spółka z ograniczoną odpowiedzialnością",02-017,Warszawa,"Aleje Jerozolimskie 123A","WOJ. MAZOWIECKIE",2025-07-20
197/24,"FARUTEX Spółka z ograniczoną odpowiedzialnością",70-807,Szczecin,"ul. Jesienna 4","WOJ. ZACHODNIOPOMORSKIE",2025-07-31
198/24,"EUROSTOCK Spółka z  ograniczoną odpowiedzialnością",15-102,Białystok,"ul. Bitwy Białostockiej 5","WOJ. PODLASKIE",2025-06-20
199/24,"WINE AVENUE Spółka z ograniczoną odpowiedzialnością",00-420,Warszawa,"ul. Szara 10","WOJ. MAZOWIECKIE",2025-08-06
200/24,"YOURA SPIRITS Spółka z ograniczoną odpowiedzialnością",30-714,Kraków,"ul. Gromadzka 24C","WOJ. MAŁOPOLSKIE",2025-06-30
201/24,"B&W Premium Spirits Spółka z ograniczoną odpowiedzialnością",05-825,"Grodzisk Mazowiecki","ul. Graniczna 30","WOJ. MAZOWIECKIE",2025-07-29
202/24,"Grzegorz Zasada Port Distillery",84-100,Puck,"ul. Morska 19","WOJ. POMORSKIE",2025-07-01
203/24,"FOOD SECTOR Prosta Spółka Akcyjna",32-070,Czernichów,"ul. Parkowa 27A","WOJ. MAŁOPOLSKIE",2025-07-31
204/24,"ARRIBA  Spółka z ograniczoną odpowiedzialnością",40-833,Katowice,"ul. Obroki 130","WOJ. ŚLĄSKIE",2025-07-31
205/24,"Browar Toruński Toruń Spółka z o.o.",87-100,Toruń,"ul. Kociewska 22","WOJ. KUJAWSKO-POMORSKIE",2025-07-07
206/24,"""ART-MAR""   A.Gozdowski M.Gozdowski K.Gozdowski  Spółka Jawna",09-500,Gostynin,"ul. Płocka 25 ","WOJ. MAZOWIECKIE",2025-07-22
207/24,"BORYS COMPANY Spółka Akcyjna",80-342,Gdańsk,"ul. Jelitkowska 25/lok. 4","WOJ. POMORSKIE",2025-07-31
208/24,"HIKOEMON Spółka z ograniczoną odpowiedzialnością",00-844,Warszawa,"ul. Grzybowska 87","WOJ. MAZOWIECKIE",2025-08-06
209/24,"BJANEX  Spółka z ograniczoną odpowiedzialnością",16-400,Suwałki,"ul. Leśna 68","WOJ. PODLASKIE",2025-08-31
210/24,"Breslauer Spirits Spółka z ograniczoną odpowiedzialnością",53-234,Wrocław,"ul. Grabiszyńska 235","WOJ. DOLNOŚLĄSKIE",2025-09-05
211/24,"ARENA 2000 Spółka z ograniczoną odpowiedzialnością",87-300,Brodnica,"ul. Nad Drwęcą 15","WOJ. KUJAWSKO-POMORSKIE",2025-07-12
212/24,"SPAR Spółka z ograniczoną odpowiedzialnością",60-476,Poznań,"ul. Druskienicka 12","WOJ. WIELKOPOLSKIE",2025-07-14
213/24,"ORBICO Spółka z ograniczoną odpowiedzialnością",02-823,Warszawa,"ul. Salsy 2","WOJ. MAZOWIECKIE",2025-08-13
214/24,"GS TRZEBIATÓW Spółka z ograniczoną odpowiedzialnością",72-320,Trzebiatów,"ul. Rynek 2 ","WOJ. ZACHODNIOPOMORSKIE",2025-08-14
215/24,"JARYSZ  Jadwiga Łukasiewicz",72-600,Świnoujście,"ul. Grunwaldzka 47G","WOJ. ZACHODNIOPOMORSKIE",2025-08-01
216/24,"""SIEDLISKO""  Zdzisław Wilk",76-150,Darłowo,"Kopnica 8 ","WOJ. ZACHODNIOPOMORSKIE",2025-09-02
217/24,"IGUANA Górski, Kurek Spółka komandytowa",01-001,Warszawa,"Aleja Jana Pawła II 41A/15","WOJ. MAZOWIECKIE",2025-08-31
218/24,"Kondrat Wina Wybrane  Spółka z ograniczoną odpowiedzialnością",00-094,Warszawa,"ul. Wierzbowa 3","WOJ. MAZOWIECKIE",2025-09-01
219/24,"Strefa Alkoholi Spółka z ograniczoną odpowiedzialnością",93-232,Łódź,"ul. Lodowa 108","WOJ. ŁÓDZKIE",2025-07-26
220/24,"ATO SPIRITS Spółka  z ograniczoną odpowiedzialnością",90-606,Łódź,"ul. 6 Sierpnia 1/3","WOJ. ŁÓDZKIE",2025-08-11
221/24,"UNITED BEVERAGES Spółka Akcyjna",87-100,Toruń,"ul. Przelot 66","WOJ. KUJAWSKO-POMORSKIE",2025-08-22
222/24,"POLMOS ŻYRARDÓW   Spółka z ograniczoną odpowiedzialnością",96-300,Żyrardów,"ul. Mickiewicza 1-3 ","WOJ. MAZOWIECKIE",2025-08-31
223/24,"""STOCK POLSKA""   Spółka z ograniczoną odpowiedzialnością",20-402,Lublin,"ul. Spółdzielcza 6","WOJ. LUBELSKIE",2025-09-30
224/24,"Browar Wrzos Dominik Dembiński",43-450,Ustroń,"ul. dr Michała Grażyńskiego 23","WOJ. ŚLĄSKIE",2025-09-30
225/24,"""ALTI PLUS""  Spółka Akcyjna Spółka Komandytowo-Akcyjna",30-133,Kraków,"ul.  Juliusza Lea 213","WOJ. MAŁOPOLSKIE",2025-08-12
226/24,"""PANASIA POLSKA""  Spółka z ograniczoną odpowiedzialnością",05-850,"Ożarów Mazowiecki, Macierzysz","ul. Sochaczewska 108","WOJ. MAZOWIECKIE",2025-09-03
227/24,"REMBIS KARINA LIS",42-674,"Zbrosławice,  Karchowice","ul. Bytomska 12","WOJ. ŚLĄSKIE",2025-08-09
228/24,"PORT Spółka z ograniczoną odpowiedzialnością",07-130,Łochów,"ul. Fryderyka Chopina 37","WOJ. MAZOWIECKIE",2025-08-14
229/24,"PPHU ""MORITZ"" Marek Różycki",43-190,Mikołów,"ul. Rybnicka 43","WOJ. ŚLĄSKIE",2025-12-31
230/24,"""AS""  S. Kempa P. Lenarczyk Spółka Jawna",78-200,Białogard,"ul. Malinowskiego 5 ","WOJ. ZACHODNIOPOMORSKIE",2025-08-13
231/24,"""ROZTOCZE""  Mieczysław, Marek i Tomasz Szaluś   Spółka Jawna  Hurtownia Piwa, Wina i Napojów Chłodzących",22-600,"Tomaszów Lubelski","ul. Lwowska   126 H ","WOJ. LUBELSKIE",2025-09-10
232/24,"MT-ARMS Evgeny Manikaylo",90-361,Łódź,"ul. Piotrkowska 270/lok. 2.1-J","WOJ. ŁÓDZKIE",2025-08-31
233/24,"AN.KA WINES   Spółka z ograniczoną odpowiedzialnością",05-082,"Stare Babice, Blizne Łaszczyńskiego","ul. Batalionów Chłopskich 114","WOJ. MAZOWIECKIE",2025-09-15
234/24,"""SPOŁEM"" Powszechna Spółdzielnia Spożywców ""ZGODA"" w Płocku",09-402,Płock,"ul. Sienkiewicza 32","WOJ. MAZOWIECKIE",2025-09-17
235/24,"DMS BARRELS Spółka z ograniczoną odpowiedzialnością",15-501,Białystok,"ul. Baranowicka 117","WOJ. PODLASKIE",2025-10-07
236/24,"HETMAN UA Spółka z ograniczoną odpowiedzialnością",35-315,Rzeszów,"Al. mjr. Wacława Kopisto 8B/501","WOJ. PODKARPACKIE",2025-09-03
237/24,"EUROCASH SERWIS  Spółka z ograniczoną odpowiedzialnością",62-052,Komorniki,"ul. Wiśniowa 11","WOJ. WIELKOPOLSKIE",2025-09-30
238/24,"FLOREK Teresa Florczyk",15-617,Białystok,"ul. Nowosielska 40d","WOJ. PODLASKIE",2025-08-31
239/24,"""GRUPA CHORTEN""  Spółka z ograniczoną odpowiedzialnością",16-070,"Choroszcz, Łyski","ul. Usługowa 2","WOJ. PODLASKIE",2025-09-30
240/24,"PROFIT MARKET Spółka z ograniczoną odpowiedzialnością",42-772,Pawonków,"ul. Zawadzkiego 12A","WOJ. ŚLĄSKIE",2025-09-14
241/24,"Dariusz Gustab Agencja Reklamy i Promocji Everest",58-303,Wałbrzych,"ul. Niepodległości 114","WOJ. DOLNOŚLĄSKIE",2025-09-10
242/24,"DMK BUDOWNICTWO K.M. POPŁAWSCY Spółka Komandytowa",18-106,"Turośń Kościelna","Markowszczyzna 80","WOJ. PODLASKIE",2025-09-09
243/24,"""STAMPOL-TRADE STANKIEWICZ""  Spółka Komandytowa",24-300,"Opole Lubelskie","ul. Przemysłowa 42","WOJ. LUBELSKIE",2025-09-30
244/24,"Dystrybucja Trade Spółka z ograniczoną odpowiedzialnością",01-424,Warszawa,"Aleja Prymasa Tysiąclecia 62","WOJ. MAZOWIECKIE",2025-09-01
245/24,"WCD Spółka Akcyjna",53-659,Wrocław,"ul. gen. Władysława Sikorskiego 3/2","WOJ. DOLNOŚLĄSKIE",2025-08-29
246/24,"Monika Atamańczuk ""Mały Kogut""",70-477,Szczecin,"Al. Wojska Polskiego 56/56","WOJ. ZACHODNIOPOMORSKIE",2025-10-02
247/24,"LE BARBATELLE Spółka z ograniczoną odpowiedzialnoscią",00-837,Warszawa,"ul. Pańska 98/101","WOJ. MAZOWIECKIE",2025-10-03
248/24,"GO2 WORK Spółka  z ograniczoną odpowiedzialnością",50-062,Wrocław,"Pl. Solny 14/3","WOJ. DOLNOŚLĄSKIE",2025-09-30
249/24,"""BIANCO & ROSSO"" JAROSŁAW KORECKI SPÓŁKA JAWNA",15-521,Zaścianki,"ul. Szosa Baranowicka 64","WOJ. PODLASKIE",2025-09-15
250/24,"1979 Distillery Prosta Spółka Akcyjna",62-025,Kostrzyn,"ul. Akacjowa 1","WOJ. WIELKOPOLSKIE",2025-09-08
251/24,"AS-DELUXE Barbara Cygan",43-100,Tychy,"ul. Hanny i Kazimierza Wejchertów 7/lok. 83","WOJ. ŚLĄSKIE",2025-09-18
252/24,"ML SPIRITS  Spółka z ograniczoną odpowiedzialnością",40-074,Katowice,"ul. Marcina Szeligiewicza 2/3","WOJ. ŚLĄSKIE",2025-09-13
253/24,"PMP  Wino Serwis  Spółka z ograniczoną odpowiedzialnością",47-303,Krapkowice,"ul. Kilińskiego 1","WOJ. OPOLSKIE",2025-09-30
254/24,"MONARD Dorota Rutkowska",73-108,Kobylanka,"ul. Osiedle Zalesie 76","WOJ. ZACHODNIOPOMORSKIE",2025-10-03
255/24,"Stanisław Dalewski F.H. ""DALEX""",97-310,Srock,"ul. Podolska 8","WOJ. ŁÓDZKIE",2025-09-30
256/24,"""DINO POLSKA""  Spółka Akcyjna",63-700,Krotoszyn,"ul. Ostrowska 122 ","WOJ. WIELKOPOLSKIE",2025-11-01
257/24,"Pikantna Agawa Spółka z ograniczoną odpowiedzialnością",31-636,Kraków,"ul. Osiedle Oświecenia  35A","WOJ. MAŁOPOLSKIE",2025-12-01
258/24,"BONI MORES Magdalena Dychała-Matysiak",64-316,"Kuslin, Dąbrowa","44 ","WOJ. WIELKOPOLSKIE",2025-09-19
259/24,"Winnice Jaworek Spółka z ograniczoną odpowiedzialnością",55-330,Miękinia,"ul. Kościuszki 48A","WOJ. DOLNOŚLĄSKIE",2025-10-14
260/24,"Przedsiębiorstwo Handlowo-Usługowe BARBARA JANIAK Spółka Komandytowa",62-800,Kalisz,"ul. Piwonicka 1 C","WOJ. WIELKOPOLSKIE",2025-10-14
261/24,"SILESIA DISTILLERY Spółka z ograniczoną odpowiedzialnością",41-403,"Chełm Śląski","ul. Ludowa 6","WOJ. ŚLĄSKIE",2025-10-14
262/24,"A&P BARAN Spółka Komandytowa",41-300,Tychy,"ul. Morelowa 20","WOJ. ŚLĄSKIE",2025-11-02
263/24,"PRIMA SERWIS SZCZECIN  Spółka z ograniczoną odpowiedzialnością   Spółka Komandytowa",70-846,Szczecin,"ul. Kniewska 2K ","WOJ. ZACHODNIOPOMORSKIE",2025-09-30
264/24,"Przedsiębiorstwo Wielobranżowe ""REGO""  Włodzimierz  Stefaniak",62-510,Konin,"ul. Ślesińska  23B ","WOJ. WIELKOPOLSKIE",2025-09-30
265/24,"3CITY DISTILLERY Spółka  z ograniczoną opowiedzialnością",81-704,Sopot,"ul. Dworcowa 7","WOJ. POMORSKIE",2025-09-30
266/24,"ANAVIM GROUP Spółka z ograniczoną odpowiedzialnością",02-679,Warszawa,"ul. Wincentego Rzymowskiego 53","WOJ. MAZOWIECKIE",2025-10-21
267/24,"PINOT   Spółka z ograniczoną odpowiedzialnością    Spółka komandytowa",90-106,Łódź,"ul. Traugutta 5 ","WOJ. ŁÓDZKIE",2025-10-24
268/24,"BZK ALCO Spółka Akcyjna",01-303,Warszawa,"ul. Połczyńska 97A","WOJ. MAZOWIECKIE",2025-10-31
269/24,"Gospodarstwo Rolne ""Winnica Kudla""  Tomasz Kudla",62-080,"Tarnowo Podgórne, Jankowice","ul. Ogrodowa 12","WOJ. WIELKOPOLSKIE",2025-09-30
270/24,"MOJA GRUZJA Spółka z ograniczoną odpowiedzialnością",80-460,Gdańsk,"ul. Pilotów 3/lok. 6","WOJ. POMORSKIE",2025-10-07
271/24,"Przedsiębiorstwo Produkcyjno-Handlowe   ""ZDRÓJ""   Eugeniusz Owczarczyk",08-450,Łaskarzew,"Stary Pilczyn 30 ","WOJ. MAZOWIECKIE",2025-10-11
272/24,"ALCO-TRADE Spółka z ograniczoną odpowiedzialnością",62-230,Witkowo,"Kołaczkowo 9 ","WOJ. WIELKOPOLSKIE",2025-10-31
273/24,"Przedsiębiorstwo Usługowo - Handlowe  ""CHEMIROL""   Spółka z ograniczoną odpowiedzialnością",88-300,Mogilno,"ul. Przemysłowa 3 ","WOJ. KUJAWSKO-POMORSKIE",2025-10-31
274/24,"MAG DYSTRYBUCJA  Spółka z ograniczoną odpowiedzialnością Spółka komandytowa",10-467,Olsztyn,"ul.Sprzętowa 2A ","WOJ. WARMIŃSKO-MAZURSKIE",2025-10-03
275/24,"DRINKS GROUP Spółka z ograniczoną odpowiedzialnością",30-390,Kraków,"ul. Zawiła 61","WOJ. MAŁOPOLSKIE",2025-10-04
276/24,"Wrocławskie Studio Alkoholi Spółka z ograniczoną odpowiedzialnością",51-422,Wrocław,"ul. Czajcza 19","WOJ. DOLNOŚLĄSKIE",2025-10-21
277/24,"hBp-Likvor Spółka Cywilna Robert Prajs, Jan Budka",62-045,Pniewy,"ul. Współna 2","WOJ. WIELKOPOLSKIE",2025-09-30
278/24,"HALIMAR Spółka z ograniczoną odpowiedzialnością",87-800,Włocławek,"ul. Barska 14","WOJ. KUJAWSKO-POMORSKIE",2025-10-31
279/24,"P.P.U.H.  ""WARMET""  Spółka z ograniczoną odpowiedzialnością",07-130,Łochów,"Al. Łochowska 4 ","WOJ. MAZOWIECKIE",2025-10-16
280/24,"A PRIOR Piecyk Łukasz",26-624,"Kowala, Kowala-Kolonia","ul. Radomska 195","WOJ. MAZOWIECKIE",2025-10-13
281/24,"TUDOR  HOUSE  Ltd.   Spółka z ograniczoną odpowiedzialnością",02-856,Warszawa,"ul. Ludwinowska  1/37 ","WOJ. MAZOWIECKIE",2025-10-14
282/24,"KTW IMPORT AND DISTRIBUTION Spółka z ograniczoną odpowiedzialnością",02-285,Warszawa,"ul. Szyszkowa 35/37/lok. A-1-011B","WOJ. MAZOWIECKIE",2025-11-25
283/24,"PREMIUM Spółka Cywilna Dariusz Kostko, Karol Wojciechowski",15-776,Białystok,"ul. Konstytucji 3 Maja 24/9","WOJ. PODLASKIE",2025-10-30
284/24,"ŻABKA POLSKA Spółka z ograniczoną odpowiedzialnością",61-586,Poznań,"ul. Stanisława Matyi 8","WOJ. WIELKOPOLSKIE",2025-10-22
285/24,"""SCAWAR""    Spółka z ograniczoną odpowiedzialnością",02-231,Warszawa,"ul. Jutrzenki  137 ","WOJ. MAZOWIECKIE",2025-10-01
286/24,"Mikrogorzelnia Spółka z ograniczoną odpowiedzialnością",04-987,Warszawa,"Wał Miedzeszyński 131B","WOJ. MAZOWIECKIE",2025-11-30
287/24,"MS Krzysztof Miszczak Beata Miszczak Piotr Skotnicki Spółka Cywilna",55-200,Oława,"ul. Opolska 7","WOJ. DOLNOŚLĄSKIE",2025-10-20
288/24,"Ocean King Polska Spółka z ograniczoną odpowiedzialnością",42-208,Częstochowa,"ul. Bugajska 37","WOJ. ŚLĄSKIE",2025-10-18
289/24,"IQO INWESTYCJE Spółka z o graniczoną odpowiedzialnością",21-003,"DYS ","ul. Dolina Ciemięgi 9","WOJ. LUBELSKIE",2025-10-31
290/24,"Przedsiębiorstwo Produkcyjno-Handlowo-Usługowe  ""MULTIMEX""  Spółka z ograniczoną odpowiedzialnością",95-040,Koluszki,"ul. Głowackiego 20A","WOJ. ŁÓDZKIE",2025-10-26
291/24,"Hurtownia ""KIM"" Kazimierz Krzemiński, Marek Krzemiński, Andrzej Chrząszcz  Spólka Jawna",28-100,Busko-Zdrój,"ul. Bohaterów Warszawy 106","WOJ. ŚWIĘTOKRZYSKIE",2025-10-20
292/24,"DIAGEO  POLSKA   Spółka  z  ograniczoną odpowiedzialnością",01-208,Warszawa,"ul. Przyokopowa 31 ","WOJ. MAZOWIECKIE",2025-12-31
293/24,"TOP WINA ŚWIATA Spółka z ograniczoną odpowiedzialnością Spółka Komandytowa",78-100,Kołobrzeg,"ul. Grzybowska 25F","WOJ. ZACHODNIOPOMORSKIE",2025-10-20
294/24,"Hurtownia ""MIRAX"" Hurt Detal Mirosław Hernik",26-660,Jedlińsk,"Bierwiecka Wola 40A","WOJ. MAZOWIECKIE",2025-10-16
295/24,"PHUP GNIEZNO SZESZYCKI  Spółka Komandytowa",62-200,Gniezno,"ul. Orcholska 41 ","WOJ. WIELKOPOLSKIE",2025-11-14
296/24,"FRISCO Spółka Akcyjna",03-840,Warszawa,"ul. Grochowska 306/308","WOJ. MAZOWIECKIE",2025-11-30
297/24,"Alkohole Kraftowe Spółka z ograniczoną odpowiedzialnością",08-200,Łosice,"ul. Leśna 10A","WOJ. MAZOWIECKIE",2025-10-19
298/24,"""ALMES""  Spółka z ograniczoną odpowiedzialnością",00-043,Warszawa,"ul. Tadeusza Czackiego 3/5/126","WOJ. MAZOWIECKIE",2025-10-31
299/24,"ORLEN  Spółka Akcyjna",09-411,"Płock-Biała, Płock","ul. Chemików 7","WOJ. MAZOWIECKIE",2025-12-02
300/24,"PRZEDSIĘBIORSTWO HANDLOWE   ""GALICJA"" MTM Ścianek  Spółka Jawna",33-300,"Nowy Sącz","ul. Zawiszy Czarnego 35 ","WOJ. MAŁOPOLSKIE",2025-12-08
301/24,"Przedsiębiorstwo Handlowo-Usługowe ""KORTALS"" Dariusz  Kortals",84-120,Władysławowo,"ul. Gdańska 10","WOJ. POMORSKIE",2025-11-08
302/24,"Centrum owoców i warzyw   ""AWOKADO""   Mariola Borek",06-100,Pułtusk,"ul. Adama Mickiewicza 37c ","WOJ. MAZOWIECKIE",2025-10-31
303/24,"FUNDACJA BONI MORES",64-316,Kuślin,"Dąbrowa 44","WOJ. WIELKOPOLSKIE",2025-10-31
304/24,"TOTAL-HANDEL  Spółka z ograniczoną odpowiedzialnością",83-200,"Starogard Gdański","ul. Droga Owidzka 1 ","WOJ. POMORSKIE",2025-11-14
305/24,"POLMOS BIELSKO-BIAŁA   SPÓŁKA AKCYJNA",43-316,Bielsko-Biała,"ul. Karpacka 11 ","WOJ. ŚLĄSKIE",2025-11-20
306/24,"""STOKROTKA""  Spółka z ograniczoną odpowiedzialnością",20-209,Lublin,"ul. Projektowa 1 ","WOJ. LUBELSKIE",2025-11-14
307/24,"Whisky Embassy Spółka z ograniczoną odpowiedzialnością",61-131,Poznań,"ul. Katowicka 79A/101","WOJ. WIELKOPOLSKIE",2025-11-01
308/24,"Przedsiębiorstwo Handlowo-Usługowe  GIG  ANDRZEJ GRZYWA",32-061,"Czernichów, Przegina Duchowna","ul. Strażaków 5","WOJ. MAŁOPOLSKIE",2025-11-14
309/24,"P.P.H.U. Wanda Bojarska",42-271,Częstochowa,"ul. Wilgowa 67","WOJ. ŚLĄSKIE",2025-11-30
310/24,"MAGA Martyna Gąsiorowska",34-500,Zakopane,"ul. Podhalańska 42","WOJ. MAŁOPOLSKIE",2025-11-30
311/24,"P.H.U. ZACHĘTA SPÓŁKA Z OGRANICZONĄ ODPOWIEDZIALNOŚCIĄ SPÓŁKA KOMANDYTOWA",31-941,KRAKÓW,"ul. OSIEDLE KOLOROWE 33","WOJ. MAŁOPOLSKIE",2025-12-10
312/24,"GORZELNIA BORKOWSKI CHMIELEWSKI SPÓŁKA Z OGRANICZONĄ ODPOWIEDZIALNOŚCIĄ",08-108,"STARY BARTKÓW","STARY BARTKÓW 36","WOJ. MAZOWIECKIE",2025-10-31
313/24,"TANO DYSTRYBUCJA SPÓŁKA Z OGRANICZONĄ ODPOWIEDZIALNOŚCIĄ",05-270,MARKI,"ul. OKÓLNA 45A","WOJ. MAZOWIECKIE",2025-11-23
314/24,"MATEUS  Spółka z ograniczoną odpowiedzialnością",05-091,Ząbki,"ul. Kazimierza Przerwy -Tetmajera 3 ","WOJ. MAZOWIECKIE",2025-12-04
315/24,"DĘBOWA POLSKA SPÓŁKA Z OGRANICZONĄ ODPOWIEDZIALNOŚCIĄ SPÓŁKA KOMANDYTOWA",64-212,SIEDLEC,"ul. WOLSZTYŃSKA 56","WOJ. WIELKOPOLSKIE",2025-12-31
316/24,"MONOLITH POLSKA Spółka z ograniczoną odpowiedzialnością",60-312,Poznań,"ul. Grunwaldzka 67","WOJ. WIELKOPOLSKIE",2025-10-30
317/24,"JERONIMO MARTINS POLSKA  Spółka Akcyjna",62-025,Kostrzyn,"ul. Żniwna 5 ","WOJ. WIELKOPOLSKIE",2025-11-16
318/24,"BAR MANAGEMENT CO SPÓŁKA Z OGRANICZONĄ ODPOWIEDZIALNOŚCIĄ",00-841,WARSZAWA,"ul. ŻELAZNA 51/53","WOJ. MAZOWIECKIE",2025-11-20
319/24,"KK POLSKA Spółka z ograniczoną odpowiedzialnością",84-230,Rumia,"ul. Działkowców 15/lok. DOK 50-51","WOJ. POMORSKIE",2025-11-30
320/24,"Przedsiębiorstwo Handlowo - Usługowe   ""MARCO""   Spółka z ograniczoną odpowiedzialnością",04-443,Warszawa,"ul. Ignacego Paderewskiego 108 A ","WOJ. MAZOWIECKIE",2025-12-05
321/24,"PASIEKA JAROS Spółka z ograniczoną odpowiedzialnością",97-200,"Tomaszów Mazowiecki","Łazisko 46","WOJ. ŁÓDZKIE",2025-12-09
322/24,"Gorzelnia Rolnicza - Andrzej Paszota",76-220,Główczyce,"Podole Wielkie 22","WOJ. POMORSKIE",2025-11-30
323/24,"FIRMA WIELOBRANŻOWA ""SUŻYW"" SPÓŁKA Z OGRANICZONĄ ODPOWIEDZIALNOŚCIĄ",34-200,"SUCHA BESKIDZKA","ul. NAD SKAWĄ 4","WOJ. MAŁOPOLSKIE",2025-12-17
324/24,"Jarosław Nowociel  Hurtownia Artykułów Spożywczych i Przemysłowych   Warszawska Wytwórnia Wódek   Koneser  ",05-660,Warka,"Grzegorzewice   17 ","WOJ. MAZOWIECKIE",2025-12-31
325/24,"TREND SPIRITS Spółka z ograniczoną odpowiedzialnością",26-600,Radom,"ul. Marii Fołtyn 11","WOJ. MAZOWIECKIE",2025-12-31
326/24,"OL PIW PAWEŁ OLSZEWSKI  Spółka Jawna",26-050,ZAGNAŃSK,"Kielecka 3/18","WOJ. ŚWIĘTOKRZYSKIE",2025-11-21
327/24,"Wokawit Dystrybucja  Ewa i Waldemar Woźniak  Spółka Jawna",64-810,Kaczory,"ul. Jasna 3 ","WOJ. WIELKOPOLSKIE",2025-11-24
328/24,"BRICK HOUSE Spółka z ograniczoną odpowiedzialnością",66-004,"Zielona Góra","ul. Racula-Głogowska 85","WOJ. LUBUSKIE",2025-11-30
329/24,"Lubawy Spółka z ograniczoną odpowiedzialnością",32-590,Libiąż,"ul. Leśna  73","WOJ. MAŁOPOLSKIE",2025-12-10
330/24,"PALUSZEK  M i P Piotr Paluch Spółka Komandytowa",87-100,Toruń,"ul. Podgórska 12A","WOJ. KUJAWSKO-POMORSKIE",2025-11-17
331/24,"Sklepy Kropla Spółka z ograniczoną odpowiedzialnością",02-241,Warszawa,"ul. Przedpole 1/lok.63","WOJ. MAZOWIECKIE",2025-11-19
332/24,"ARHELAN  Spółka z ograniczoną odpowiedzialnością",17-100,"Bielsk Podlaski","Aleja Józefa Piłsudskiego 45","WOJ. PODLASKIE",2026-01-14
333/24,"MARCO 2 Spółka Cywilna Marek Paska, Zdzisław Stachacz, Bartłomiej Paska",05-090,"Sękocin Nowy","ul. Al. Krakowska 18","WOJ. MAZOWIECKIE",2026-01-01
334/24,"Coca-Cola HBC Polska Spółka z ograniczoną odpowiedzialnością",02-092,Warszawa,"ul. Żwirki i Wigury 16","WOJ. MAZOWIECKIE",2025-12-26
335/24,"""BAKOMA"" Spółka z ograniczoną odpowiedzialnością",01-303,Warszawa,"ul. Połczyńska 97A","WOJ. MAZOWIECKIE",2025-12-31
336/24,"FIRMA MICHAŁOWSKI Spółka z ograniczoną odpowiedzialnością Spółka komandytowa",62-045,Pniewy,"ul. Lwówecka 15","WOJ. WIELKOPOLSKIE",2025-12-31
337/24,"NORTH COAST  Spółka Akcyjna",02-486,Warszawa,"Aleje Jerozolimskie 180","WOJ. MAZOWIECKIE",2025-11-24
338/24,"JONSTON DISTILLERY Spółka z ograniczoną odpowiedzialnością",64-100,Leszno,"ul. Geodetów 1","WOJ. WIELKOPOLSKIE",2025-12-05
339/24,"Przedsiębiorstwo Przemysłu Spirytusowego ""POLMOS"" w Warszawie Spółka Akcyjna",00-006,Warszawa,"ul. Szkolna 2/4","WOJ. MAZOWIECKIE",2025-12-31
340/24,"VITA Spółka z ograniczoną odpowiedzialnością",38-400,Krosno,"ul. Bieszczadzka 54","WOJ. PODKARPACKIE",2025-12-31
341/24,"ROSIEK & ROSIEK Spółka Komandytowa  Krzysztof i Przemysław Rosiek",56-500,Syców,"ul. Kaliska   7 ","WOJ. DOLNOŚLĄSKIE",2025-12-31
342/24,"JOB SERWIS - Karol Gryń",80-257,Gdańsk,"ul. Juliusza Słowackiego 67/63","WOJ. POMORSKIE",2025-12-01
343/24,"Przedsiębiorstwo Wielobranżowe MAX  Piotr Pajdosz",39-432,Gorzyce,"Motycze Poduchowne 95","WOJ. PODKARPACKIE",2025-12-09
344/24,"Destylarnia Podkarpacka Spółka z ograniczoną odpowiedzialnością",38-400,Krosno,"ul. Bolesława Prusa 70","WOJ. PODKARPACKIE",2025-12-17
345/24,"Grażyna Rupik PROFI",42-605,"Tarnowskie Góry","ul. Parkowa 34/5","WOJ. ŚLĄSKIE",2025-11-27
346/24,"""AMBRA""   SPÓŁKA AKCYJNA",02-819,Warszawa,"ul. Puławska 336 ","WOJ. MAZOWIECKIE",2026-01-03
347/24,"GME RESTAURACJE Spółka z ograniczoną odpowiedzialnością Spółka komandytowa",00-029,Warszawa,"ul. Nowy Świat 33/lok. 13","WOJ. MAZOWIECKIE",2025-11-30
348/24,"FHU Sławomir Lerch",64-400,Międzychów,"ul. Romana Ratajczaka 4","WOJ. WIELKOPOLSKIE",2025-12-04
349/24,"MAXYM GROUP Spółka  z ograniczoną odpowiedzialnością",00-844,Warszawa,"ul. Grzybowska 87","WOJ. MAZOWIECKIE",2025-11-24
350/24,"ALMA-ALPINEX Spółka z ograniczoną odpowiedzialnością",26-065,Piekoszów,"ul. Czarnowska 54F","WOJ. ŚWIĘTOKRZYSKIE",2025-12-09
351/24,"HENKELL FREIXENET POLSKA Spółka z ograniczoną odpowiedzialnością",87-100,Toruń,"ul. Mazowiecka 48 ","WOJ. KUJAWSKO-POMORSKIE",2025-12-31
352/24,"Piotr Wojtala",05-660,Warka,"ul. Grójecka 129","WOJ. MAZOWIECKIE",2025-12-16
353/24,"Firma Handlowo-Ustugowa ""PAIMAR"" Mariusz Drużba",07-130,Łochów,"ul. Ludwika Waryńskiego 19","WOJ. MAZOWIECKIE",2025-12-31
354/24,"Firma Handlowo-Usługowa ""MARO"" Robert Klimek",89-400,"Sępólno Krajeńskie","ul. Zakładowa 1","WOJ. KUJAWSKO-POMORSKIE",2025-12-13
355/24,"Infinitum Distribution Spółka z ograniczoną odpowiedzialnością",02-886,Warszawa,"ul. Jagielska 61B","WOJ. MAZOWIECKIE",2025-12-06
356/24,"PRZEDSIĘBIORSTWO WIELOBRANŻOWE ""BETA"" Spółka z ograniczoną odpowiedzialnością",98-220,"Zduńska Wola","ul. Opiesińska 30A","WOJ. ŁÓDZKIE",2026-01-03
357/24,"Grażyna Kukuczka Firma Handlowo-Usługowa",43-470,Istebna,"Istebna 1820","WOJ. ŚLĄSKIE",2025-12-02
358/24,"WHISKY AND MORE Spółka z ograniczoną odpowiedzialnością",40-048,Katowice,"ul. Tadeusza Kościuszki 43/10","WOJ. ŚLĄSKIE",2025-12-08
359/24,"SŁAWOMIR OPIŁA  TOAST",27-200,Starachowice,"ul. inż. Władysława Rogowskiego 7 ","WOJ. ŚWIĘTOKRZYSKIE",2026-01-03
360/24,"GIFT  Spółka z ograniczoną odpowiedzialnością",33-113,"Zbylitowska Góra","ul. Krakowska 1","WOJ. MAŁOPOLSKIE",2026-01-01
361/24,"Przedsiębiorstwo Handlowo-Produkcyjno-Usługowe ""WAGROMARKET"" Spółka z ograniczoną odpowiedzialnością",62-800,Kalisz,"Niedźwiady 42 ","WOJ. WIELKOPOLSKIE",2025-12-31
362/24,"Kraftowe Alkohole Spółka z ograniczoną odpowiedzialnością",43-346,Bielsko-Biała,"ul. Bestwińska 143","WOJ. ŚLĄSKIE",2025-12-29
363/24,"KONESER Spółka z ograniczoną odpowiedzialnością",83-200,"Starogard Gdański","Aleja Armii Krajowej 50","WOJ. POMORSKIE",2025-12-04
364/24,""" JOTMAR""    Spółka z ograniczoną odpowiedzialnością",64-510,Wronki,"ul. Mickiewicza  26 ","WOJ. WIELKOPOLSKIE",2026-01-03
365/24,"Makro Cash and Carry Polska  Spółka Akcyjna",02-486,Warszawa,"Aleje Jerozolimskie 186","WOJ. MAZOWIECKIE",2025-12-31
366/24,"Premium Distillers Spółka z ograniczoną odpowiedzialnością",00-728,Warszawa,"ul. Józefa Piusa Dziekońskiego 3 ","WOJ. MAZOWIECKIE",2025-12-31
367/24,"Familia Spółka z ograniczoną odpowiedzialnością",32-400,Myślenice,"ul. Juliusza Słowackiego 71","WOJ. MAŁOPOLSKIE",2025-12-31
368/24,"Moët Hennessy Polska Spółka z ograniczoną odpowiedzialnością",00-078,Warszawa,"Plac Marsz. Józefa Piłsudskiego 1","WOJ. MAZOWIECKIE",2026-01-15
369/24,"FLESCH POLSKA Spółka z ograniczoną odpowiedzialnością",05-830,"Nadarzyn, Rusiec","ul. Główna 56","WOJ. MAZOWIECKIE",2025-12-31
370/24,"REDOX Spółka z ograniczoną odpowiedzialnością",34-745,Spytkowice,"Spytkowice  427A ","WOJ. MAŁOPOLSKIE",2026-01-03
371/24,"ARTEX-HURT Spółka z ograniczoną odpowiedzialnością",06-500,Mława,"ul. Napoleońska 100 ","WOJ. MAZOWIECKIE",2026-01-03
372/24,"RR 11 Spółka z ograniczoną odpowiedzialnością Spółka komandytowo-akcyjna",82-500,Kwidzyn,"ul. Piastowska 39","WOJ. POMORSKIE",2025-12-31
373/24,"BOSS   Spółka z ograniczoną odpowiedzialnością",11-600,Węgorzewo,"ul. Przemysłowa 7 A ","WOJ. WARMIŃSKO-MAZURSKIE",2025-12-31
374/24,"ALEX   W. Adamczyk    Spółka Jawna",26-052,Nowiny,"ul. Przemysłowa 25 ","WOJ. ŚWIĘTOKRZYSKIE",2026-01-03
375/24,"""VITA IDEA” Spółka z ograniczoną odpowiedzialnością",93-348,Łódź,"ul. Demokratyczna 115/235D","WOJ. ŁÓDZKIE",2025-12-31
376/24,"Podlaska Wytwórnia Wódek   ""POLMOS""   Spółka Akcyjna",00-483,Warszawa,"ul. Frascati 12 ","WOJ. MAZOWIECKIE",2026-01-06
377/24,"AL. CAPONE Spółka z ograniczoną odpowiedzialnością",33-113,"Zbylitowska Góra","ul. Krakowska 1","WOJ. MAŁOPOLSKIE",2025-12-19
378/24,"CEDC INTERNATIONAL  Spółka z ograniczoną odpowiedzialnością",64-600,Oborniki,"ul. Kowanowska 48 ","WOJ. WIELKOPOLSKIE",2025-12-31
379/24,"WYBOROWA  Spółka  Akcyjna",61-070,Poznań,"ul. Janikowska 23 ","WOJ. WIELKOPOLSKIE",2025-12-31
380/24,"Arkadia Dystrybucja Stanisławczyk Nowakowski Spółka komandytowa",93-569,Łódź,"ul. Inżynierska 1/3","WOJ. ŁÓDZKIE",2026-01-01
381/24,"ARTISAN Spółka z ograniczoną odpowiedzialnością Spółka komandytowa",02-001,Warszawa,"Aleje Jerozolimskie 85/21","WOJ. MAZOWIECKIE",2025-12-19
382/24,"ALIANS GWÓŹDŹ Spółka jawna",40-642,Katowice,"ul. Spółdzielczości 31","WOJ. ŚLĄSKIE",2026-01-03
383/24,"LOGIMP Spółka z ograniczoną odpowiedzialnością",97-200,"Tomaszów Mazowiecki","ul. Główna 71","WOJ. ŁÓDZKIE",2025-12-31
384/24,"RUMTEX    Spółka z ograniczoną odpowiedzialnością",43-100,Tychy,"ul. Przemysłowa 74/A","WOJ. ŚLĄSKIE",2025-12-31
385/24,"Gminna Spółdzielnia ""SAMOPOMOC CHŁOPSKA""",64-360,Zbąszyń,"ul. Przysiółki 2","WOJ. WIELKOPOLSKIE",2026-01-03
386/24,"Team Spirit Whisky Spółka z ograniczoną odpowiedzialnością",01-625,Warszawa,"ul. Adama Mickiewicza 37/58","WOJ. MAZOWIECKIE",2025-12-11
387/24,"Alfa Trade Company Spółka z ograniczoną odpowiedzialnością",04-564,Warszawa,"ul. Józefa Strusia 5","WOJ. MAZOWIECKIE",2026-01-14
388/24,"Oktan Energy - Wina  Spółka z ograniczoną odpowiedzialnością",70-606,Szczecin,"ul. Hryniewieckiego 1","WOJ. ZACHODNIOPOMORSKIE",2025-12-15
389/24,"MILLE SAPORI PLUS  Spółka z ograniczoną odpowiedzialnością",02-495,Warszawa,"ul. Kazimierza Gierdziejewskiego 7 ","WOJ. MAZOWIECKIE",2026-01-21
390/24,"Semkowicz i Bogoń Spółka z ograniczoną odpowiedzialnością",05-071,Sulejówek,"ul. Starych Dębów 3A","WOJ. MAZOWIECKIE",2026-01-14
391/24,"""HURTOWNIA PIAST""   Spółka z ograniczoną odpowiedzialnością",58-100,Świdnica,"ul. Hetmańska   6 ","WOJ. DOLNOŚLĄSKIE",2026-01-03
392/24,"NAVIGATOR M.Pilaciński Spółka komandytowa",03-236,Warszawa,"ul. Annopol 3","WOJ. MAZOWIECKIE",2025-12-31
393/24,"MV GROUP DISTRIBUTION PL Spółka z ograniczoną odpowiedzialnością",03-236,Warszawa,"ul. Annopol 22","WOJ. MAZOWIECKIE",2025-12-31
394/24,"""PIWO - POL""  Spółka z ograniczoną odpowiedzialnością",21-040,Świdnik,"ul. Mełgiewska   13 ","WOJ. LUBELSKIE",2026-01-03
395/24,"MARIOTT   Spółka z ograniczoną odpowiedzialnością",93-231,Łódź,"ul. Dąbrowskiego 247/249 ","WOJ. ŁÓDZKIE",2026-01-03
396/24,"FRAC DETAL Spółka z ograniczoną odpowiedzialnością",35-959,Rzeszów,"ul. Lwowska 6","WOJ. PODKARPACKIE",2026-01-06
397/24,"""LUX"" Hurtownia Artykułów Spożywczych  Grażyna Kwiatkowska",87-820,Kowal,"ul. Kazimierza Wielkiego 43","WOJ. KUJAWSKO-POMORSKIE",2026-01-03
398/24,"""POLOMARKET""   Spółka z ograniczoną odpowiedzialnością",88-170,Pakość,"Giebnia  20 ","WOJ. KUJAWSKO-POMORSKIE",2026-01-24
399/24,"GIN DOM MAGDALENA COSTA",43-227,Gilowice,"ul. Wojciecha Korfantego 116","WOJ. ŚLĄSKIE",2025-12-30
400/24,"""BROWN - FORMAN POLSKA SPÓŁKA Z OGRANICZONĄ ODPOWIEDZIALNOŚCIĄ""",02-676,Warszawa,"ul. Postępu 21D","WOJ. MAZOWIECKIE",2025-12-31
401/24,"KMK DYSTRYBUCJA I HANDEL KRZYSZTOF MROCZEK",09-400,Płock,"ul. Bielska 61","WOJ. MAZOWIECKIE",2026-01-03
402/24,"PILOT D&S Spółka z ograniczoną odpowiedzialnością Spółka komandytowa",03-310,Warszawa,"ul. Staniewicka 5","WOJ. MAZOWIECKIE",2026-01-13
403/24,"OTWOCKA SPÓŁDZIELNIA HANDLOWA",05-400,Otwock,"ul. Świderska 2/4","WOJ. MAZOWIECKIE",2025-12-31
404/24,"FIRMA MARCINIAK ŁUKASZ MARCINIAK",05-100,"Nowy Dwór Mazowiecki","ul. Towarowa 1","WOJ. MAZOWIECKIE",2026-01-25
405/24,"BENE   Spółka z ograniczoną odpowiedzialnością",64-010,Lubiń,"ul. A.Mickiewicza 6 ","WOJ. WIELKOPOLSKIE",2026-01-16
406/24,"""SPOŁEM""  Powszechna Spółdzielnia Spożywców w Lubaniu",59-800,Lubań,"ul. Tkacka 27 ","WOJ. DOLNOŚLĄSKIE",2026-01-31
407/24,"""SCA  PR POLSKA""   Spółka z ograniczoną odpowiedzialnością",62-080,"Tarnowo Podgórne, Swadzim","ul. Św. Mikołaja 5 ","WOJ. WIELKOPOLSKIE",2026-01-17
408/24,"P. H.U. JOLMAR MARIA GÓRECKA ",09-200,Sierpc,"ul. Romualda Traugutta 24","WOJ. MAZOWIECKIE",2026-01-31
409/24,"Bayadera Poland Spółka z ograniczoną odpowiedzialnością",02-054,Warszawa,"ul. Jana Dantyszka 18","WOJ. MAZOWIECKIE",2026-01-17
410/24,"NATURA SYSTEM  Grażyna i Grzegorz Maciantowicz  Spółka Jawna",41-704,"Ruda Śląska","ul. Jesionowa 22 ","WOJ. ŚLĄSKIE",2025-12-31
411/24,"NALEWKIKRESOWE.PL  Stanisław Smarduch",49-200,Grodków,"ul. Wrocławska 63 ","WOJ. OPOLSKIE",2026-01-04
412/24,"Powszechna Spółdzielnia Spożywców    ""SPOŁEM""  w Białymstoku",15-950,Białystok,"ul. Rynek Kościuszki 15 ","WOJ. PODLASKIE",2026-01-31
413/24,"The Last Port Spółka z ograniczoną odpowiedzialnością Spółka komandytowa",81-350,Gdynia,"ul. Portowa 5/1","WOJ. POMORSKIE",2026-01-30
414/24,"Dariusz Frączek PR CONSULTANTS",54-142,Wrocław,"ul. Dokerska 48","WOJ. DOLNOŚLĄSKIE",2025-12-26
415/24,"MUNDIVIE Spółka Akcyjna",43-385,Jasienica,"Jasienica 607 ","WOJ. ŚLĄSKIE",2026-01-31
416/24,"LOBO Spółka z ograniczoną odpowiedzialnością",31-588,Kraków,"ul. Isep 9","WOJ. MAŁOPOLSKIE",2026-01-31
417/24,"""INTERBIS"" Marek Kwaśniak",27-400,"Ostrowiec Świętokrzyski","ul. Jana Kilińskiego 49","WOJ. ŚWIĘTOKRZYSKIE",2026-01-09
418/24,"ROMUALD MADZIĄG FIRMA ""ROMULUS""",77-100,Bytów,"ul. Przemysłowa 2B","WOJ. POMORSKIE",2025-12-31
419/24,"Bieszczadzkie Smaki Spółka z ograniczoną odpowiedzialnością",38-543,Komańcza,"Wola Michowa 7","WOJ. PODKARPACKIE",2025-12-29
420/24,"POSEJDON-ADAMUS Spółka z ograniczoną odpowiedzialnością",90-135," Łódź","ul. Prezydenta Gabriela Narutowicza 40/1","WOJ. ŁÓDZKIE",2026-01-03
1/25,"LONGINA  SPRYSZAK  FIRMA  HANDLOWA",23-225,Szastarka,"Polichna Pierwsza 14","WOJ. LUBELSKIE",2026-01-19
2/25,"Hemar Dystrybucja Spółka z ograniczoną odpowiedzialnością",62-650,Kłodawa,"ul. Łęczycka 11A","WOJ. WIELKOPOLSKIE",2026-01-31
3/25,"TESSELLIS DISTILLERY Spółka z ograniczoną odpowiedzialnością",44-153,Sośnicowice,"ul. Kozielska 2","WOJ. ŚLĄSKIE",2026-02-03
4/25,"MILER SPIRITS Spółka z ograniczoną odpowiedzialnością",61-829,Poznań,"ul. Podgórna 4","WOJ. WIELKOPOLSKIE",2026-01-16
5/25,"Firma Handlowo-Usługowa ""GASPARO"" Marek Rams",32-340,Wolbrom,"Kąpiele Wielkie 168A","WOJ. MAŁOPOLSKIE",2026-01-31
6/25,"Manufaktura Kapucynów Spółka z ograniczoną odpowiedzialnością",31-114,Kraków,"ul. Loretańska 11","WOJ. MAŁOPOLSKIE",2026-01-31
7/25,"Kaprys Polski Sklep Spółka z ograniczoną odpowiedzialnością",58-200,Dzierżoniów,"Osiedle Błekitne 27","WOJ. DOLNOŚLĄSKIE",2026-01-14
8/25,"Wódki Regionalne   Spółka z ograniczoną odpowiedzialnością",43-370,Szczyrk,"ul. Myśliwska 74","WOJ. ŚLĄSKIE",2026-01-31
10/25,"RIBENA  Spółka z ograniczoną odpowiedzialnością",83-340,Sierakowice,"Wygoda Sierakowska 208","WOJ. POMORSKIE",2026-02-01
12/25,"""WIZ"" Spółka z ograniczoną odpowiedzialnością",09-200,Sierpc,"ul. Instalatorów 3B","WOJ. MAZOWIECKIE",2026-01-31
13/25,"Przedsiębiorstwo Produkcyjno Usługowo Handlowe ""SIMS"" Sylwester Siatkowski",64-920,Piła,"ul. Żeromskiego 83","WOJ. WIELKOPOLSKIE",2026-01-31
18/25,"Mazurska Manufaktura Spółka Akcyjna",12-100,Szczytno,"ul. Adama Mickiewicza 5","WOJ. WARMIŃSKO-MAZURSKIE",2026-01-21
22/25,"MAXIM DYSTRYBUCJA Spółka z ograniczoną odpowiedzialnością",08-400,Garwolin,"ul. Parysowska 2 ","WOJ. MAZOWIECKIE",2026-01-21
24/25,"WOLF AND OAK DISTILLERY  Spółka Akcyjna",80-864,Gdańsk,"ul. Jana z Kolna 11","WOJ. POMORSKIE",2026-01-31
27/25,"IRJAN Spółka z ograniczoną odpowiedzialnością Spółka komandytowa",63-600,Kępno,"Mianowice 1G","WOJ. WIELKOPOLSKIE",2026-01-31
31/25,"MAŁEK HURT Paweł Małkowski",09-412,"Stare Proboszczewice","ul. Stefana Mazowieckiego 18","WOJ. MAZOWIECKIE",2026-01-31
35/25,"DRAKE Spółka z ograniczoną odpowiedzialnością",64-060,Wolkowo,"Maksymilianowo 40","WOJ. WIELKOPOLSKIE",2026-01-31
